City_ID,City,Country,Lat,Lng,Max Temp,Humidity,Cloudiness,Wind Speed,Current Description
0,Provideniya,RU,64.3833,-173.3,5.76,84,99,3.4,overcast clouds
1,Tasiilaq,GL,65.6145,-37.6368,14.0,44,20,2.3,few clouds
2,Ushuaia,AR,-54.8,-68.3,53.6,62,75,8.32,light rain
3,New Norfolk,AU,-42.7826,147.0587,57.0,69,54,2.42,broken clouds
4,Dikson,RU,73.5069,80.5464,-18.47,90,96,4.63,overcast clouds
5,Nikolskoye,RU,59.7035,30.7861,34.0,93,90,6.71,overcast clouds
6,Carupano,VE,10.6678,-63.2585,80.96,73,77,14.65,light rain
7,Liepaja,LV,56.5419,21.0367,37.4,93,90,14.97,light rain
8,Magadan,RU,59.5667,150.8,-14.13,79,0,7.83,clear sky
9,Hilo,US,19.7297,-155.09,69.8,78,40,9.22,scattered clouds
10,Bluff,NZ,-46.6,168.3333,52.0,89,97,5.01,moderate rain
11,Norman Wells,CA,65.282,-126.8329,-18.4,76,75,4.61,broken clouds
12,Saint-Philippe,RE,-21.3585,55.7679,82.4,74,47,2.3,scattered clouds
13,Georgetown,MY,5.4112,100.3354,80.01,89,20,1.3,few clouds
14,Lumberton,US,34.6182,-79.0086,51.8,23,1,14.97,clear sky
15,Hofn,IS,64.2539,-15.2082,34.23,84,100,28.16,overcast clouds
16,Jamestown,US,42.097,-79.2353,21.99,73,90,23.02,light snow
17,Cap Malheureux,MU,-19.9842,57.6142,79.0,76,8,1.99,clear sky
18,Pevek,RU,69.7008,170.3133,-11.02,90,100,8.77,overcast clouds
19,Kapaa,US,22.0752,-159.319,73.4,88,90,20.71,light rain
20,Itigi,TZ,-5.7,34.4833,64.06,92,85,2.35,overcast clouds
21,Upernavik,GL,72.7868,-56.1549,21.27,80,97,6.91,overcast clouds
22,Markova,UA,48.6758,24.4138,37.4,93,95,4.47,overcast clouds
23,San Policarpo,PH,12.1791,125.5072,78.93,84,88,4.83,overcast clouds
24,Arraial Do Cabo,BR,-22.9661,-42.0278,89.6,69,0,18.41,clear sky
25,Albany,US,42.6001,-73.9662,23.0,49,13,5.01,few clouds
26,Bredasdorp,ZA,-34.5322,20.0403,66.2,77,19,19.57,few clouds
27,Tuktoyaktuk,CA,69.4541,-133.0374,-20.2,76,1,13.8,snow
28,Blacksburg,US,37.2296,-80.4139,37.0,35,1,6.91,clear sky
29,Ribeira Grande,PT,38.5167,-28.7,62.6,94,75,10.36,light rain
30,Karasburg,NA,-28.0167,18.75,86.16,33,92,21.83,overcast clouds
31,Caxito,AO,-8.5785,13.6643,80.6,74,20,8.05,few clouds
32,Airai,TL,-8.9266,125.4092,62.42,100,96,2.13,overcast clouds
33,Kijang,KR,35.2442,129.2139,50.0,62,90,11.5,light rain
34,Erenhot,CN,43.6475,111.9767,13.5,90,6,3.47,clear sky
35,Laem Sing,TH,12.4816,102.0738,75.99,91,3,3.51,clear sky
36,Riyadh,SA,24.6877,46.7219,53.6,22,0,5.75,clear sky
37,Hobart,AU,-42.8794,147.3294,57.99,94,56,3.42,broken clouds
38,Vila Velha,BR,-20.3297,-40.2925,82.4,65,20,11.5,light rain
39,Aksarka,RU,66.5606,67.7975,-39.55,82,13,2.3,few clouds
40,Butaritari,KI,3.0707,172.7902,79.12,82,56,11.72,broken clouds
41,Thompson,CA,55.7435,-97.8558,-14.8,76,75,9.22,broken clouds
42,Claresholm,CA,50.0333,-113.5852,23.0,68,20,4.61,few clouds
43,Barrow,US,71.2906,-156.7887,5.0,78,1,20.71,snow
44,Victoria,HK,22.2855,114.1577,66.0,84,10,5.93,clear sky
45,Muroto,JP,33.2833,134.15,55.96,85,100,16.17,overcast clouds
46,Cockburn Town,TC,21.4612,-71.1419,78.01,73,17,9.48,few clouds
47,Bathsheba,BB,13.2167,-59.5167,84.2,58,40,14.97,scattered clouds
48,Chuy,UY,-33.6971,-53.4616,82.89,60,24,13.56,few clouds
49,Pankrushikha,RU,53.8319,80.3406,-5.51,91,100,6.24,overcast clouds
50,Barranca,PE,-10.75,-77.7667,76.96,62,80,10.18,broken clouds
51,Bambous Virieux,MU,-20.3428,57.7575,80.6,78,40,5.75,scattered clouds
52,Aklavik,CA,68.2191,-135.0107,-0.4,85,75,10.36,broken clouds
53,Puerto Ayora,EC,-0.7393,-90.3518,82.4,69,40,14.97,scattered clouds
54,Yellowknife,CA,62.456,-114.3525,-31.0,75,20,4.61,few clouds
55,Te Anau,NZ,-45.4167,167.7167,50.77,81,100,7.14,moderate rain
56,Shakiso,ET,5.75,38.9167,61.72,67,57,3.33,broken clouds
57,Bongandanga,CD,1.5,21.05,81.3,42,87,2.08,overcast clouds
58,Charters Towers,AU,-20.1,146.2667,68.94,87,0,6.8,clear sky
59,Mataura,NZ,-46.1927,168.8643,52.0,89,82,5.01,light rain
60,Saskylakh,RU,71.9167,114.0833,-32.91,81,79,5.86,broken clouds
61,Souillac,MU,-20.5167,57.5167,80.6,78,40,5.75,scattered clouds
62,Zaykovo,RU,57.5613,62.7568,-25.94,84,98,4.68,overcast clouds
63,Vaini,TO,-21.2,-175.2,75.2,100,75,2.3,moderate rain
64,Busselton,AU,-33.65,115.3333,60.01,89,19,2.26,few clouds
65,Faanui,PF,-16.4833,-151.75,80.8,73,31,13.49,scattered clouds
66,Clyde River,CA,70.4692,-68.5914,-9.4,84,75,4.61,mist
67,Saint-Louis,SN,16.3333,-15.0,89.6,12,0,2.3,clear sky
68,Bilibino,RU,68.0546,166.4372,-24.52,83,100,3.09,overcast clouds
69,Sitka,US,57.0531,-135.33,37.4,93,90,5.06,light rain
70,Genhe,CN,50.7833,121.5167,-1.98,91,56,1.95,broken clouds
71,Kruisfontein,ZA,-34.0033,24.7314,73.99,74,30,7.0,scattered clouds
72,Kaitangata,NZ,-46.2817,169.8464,57.99,52,62,8.01,broken clouds
73,Rikitea,PF,-23.1203,-134.9692,78.44,67,6,11.1,clear sky
74,Fortuna,US,40.5982,-124.1573,46.99,100,1,3.44,clear sky
75,Kodiak,US,57.79,-152.4072,39.2,56,1,14.97,clear sky
76,Saint-Georges,GD,12.0564,-61.7485,84.2,65,20,23.02,few clouds
77,Tuatapere,NZ,-46.1333,167.6833,52.0,89,96,5.01,light rain
78,Hermanus,ZA,-34.4187,19.2345,64.99,94,39,3.0,scattered clouds
79,Kaduqli,SD,11.0167,29.7167,74.89,22,57,4.85,broken clouds
80,Hasaki,JP,35.7333,140.8333,39.2,100,75,18.41,light rain
81,Punta Arenas,CL,-53.15,-70.9167,57.2,47,0,34.52,clear sky
82,Bichena,ET,10.45,38.2,60.13,31,26,5.39,scattered clouds
83,Adelaide,AU,-34.9333,138.6,90.0,17,0,17.27,clear sky
84,Esperance,AU,-33.8667,121.9,64.4,94,90,8.05,overcast clouds
85,Omsukchan,RU,62.5333,155.8,-31.27,81,100,4.45,overcast clouds
86,Mujiayingzi,CN,42.1167,118.7833,20.46,85,47,4.47,scattered clouds
87,Chokurdakh,RU,70.6333,147.9167,-36.74,83,95,5.91,overcast clouds
88,Caravelas,BR,-17.7125,-39.2481,79.95,68,55,8.66,broken clouds
89,Gamba,GA,-2.65,10.0,77.56,87,100,3.83,overcast clouds
90,Meulaboh,ID,4.1363,96.1285,76.73,88,53,2.64,broken clouds
91,Marsh Harbour,BS,26.5412,-77.0636,73.71,68,0,10.22,clear sky
92,Tiksi,RU,71.6872,128.8694,-42.32,79,35,5.7,scattered clouds
93,Cape Town,ZA,-33.9258,18.4232,70.0,94,90,16.11,light rain
94,Hirara,JP,24.8,125.2833,67.51,82,90,26.26,overcast clouds
95,Port Alfred,ZA,-33.5906,26.891,71.01,90,61,8.99,broken clouds
96,Salalah,OM,17.0151,54.0924,73.4,21,0,11.5,clear sky
97,Nilanga,IN,18.1,76.7667,73.69,39,26,2.95,scattered clouds
98,Snyder,US,32.7179,-100.9176,44.6,100,90,4.61,mist
99,Keflavik,IS,64.0049,-22.5624,30.2,74,75,24.16,broken clouds
100,Gat,IL,31.61,34.7642,55.0,47,0,1.21,clear sky
101,Pacific Grove,US,36.6177,-121.9166,51.8,71,1,3.44,clear sky
102,San Cristobal,VE,7.7669,-72.225,87.8,55,20,11.5,few clouds
103,Sabang,ID,5.8933,95.3214,81.1,72,30,11.12,scattered clouds
104,Cidreira,BR,-30.1811,-50.2056,78.87,73,1,12.97,clear sky
105,Roald,NO,62.5833,6.1333,39.2,75,75,9.22,broken clouds
106,La Plata,AR,-34.9215,-57.9545,93.0,42,0,1.99,clear sky
107,Yangjiang,CN,21.85,111.9667,62.17,78,1,1.14,clear sky
108,Hoa Binh,VN,20.8133,105.3383,64.4,68,20,5.75,haze
109,Vila Franca Do Campo,PT,37.7167,-25.4333,64.0,88,40,10.36,scattered clouds
110,Ancud,CL,-41.8697,-73.8203,68.0,64,0,9.22,clear sky
111,Chingirlau,KZ,51.095,54.0814,15.44,97,100,13.58,light snow
112,Atbasar,KZ,51.8,68.3333,-15.75,88,73,5.79,broken clouds
113,Arlit,NE,18.7369,7.3853,72.68,16,10,11.25,clear sky
114,Zhuhai,CN,22.2769,113.5678,66.0,94,15,3.44,mist
115,Grand Gaube,MU,-20.0064,57.6608,79.0,76,6,1.99,clear sky
116,Batsfjord,NO,70.6345,29.7185,20.34,94,100,28.23,light snow
117,Hithadhoo,MV,-0.6,73.0833,82.81,68,77,4.47,broken clouds
118,San Patricio,US,28.017,-97.5169,68.0,88,90,13.8,mist
119,Mecca,SA,21.4267,39.8261,75.92,51,0,1.54,clear sky
120,Teknaf,BD,20.8624,92.3058,61.9,63,0,7.25,clear sky
121,Kavieng,PG,-2.5744,150.7967,81.14,78,100,4.97,overcast clouds
122,Manyoni,TZ,-5.7467,34.8382,64.44,90,88,3.02,overcast clouds
123,Lebu,CL,-37.6167,-73.65,64.76,80,61,17.0,broken clouds
124,Talnakh,RU,69.4865,88.3972,-34.67,65,45,1.34,scattered clouds
125,Codrington,AU,-38.2667,141.9667,62.33,69,52,8.19,moderate rain
126,Berlevag,NO,70.8578,29.0864,22.26,94,100,30.53,light snow
127,Zhoukou,CN,33.6333,114.6333,41.88,62,100,4.74,overcast clouds
128,Beberibe,BR,-4.1797,-38.1306,86.0,62,75,14.97,light rain
129,Laguna,US,38.421,-121.4238,48.99,87,20,9.22,few clouds
130,Am Timan,TD,11.0297,20.2827,81.82,19,94,4.29,overcast clouds
131,Lompoc,US,34.6391,-120.4579,50.0,87,90,3.38,overcast clouds
132,Mar Del Plata,AR,-38.0023,-57.5575,82.4,69,0,16.11,clear sky
133,Okahandja,NA,-21.9833,16.9167,75.87,66,100,0.94,moderate rain
134,Keetmanshoop,NA,-26.5833,18.1333,92.12,23,89,9.86,overcast clouds
135,Iguala,MX,18.3438,-99.5372,80.6,29,75,5.75,broken clouds
136,Leningradskiy,RU,69.3833,178.4167,-13.23,85,96,4.32,overcast clouds
137,Praia,CV,14.9215,-23.5087,78.8,50,66,17.27,broken clouds
138,Oka,CA,45.4649,-74.0889,10.99,66,99,14.97,overcast clouds
139,Hambantota,LK,6.1241,81.1185,77.0,94,8,10.36,clear sky
140,Port Hardy,CA,50.6996,-127.4199,37.4,93,75,3.44,broken clouds
141,Livingston,GB,55.9029,-3.5226,30.2,86,0,8.05,clear sky
142,Khatanga,RU,71.9667,102.5,-27.72,84,100,11.34,overcast clouds
143,Inuvik,CA,68.3499,-133.7218,-4.0,77,87,5.75,overcast clouds
144,Carnarvon,AU,-24.8667,113.6333,75.2,60,75,13.8,broken clouds
145,Pisco,PE,-13.7,-76.2167,80.01,78,0,10.36,clear sky
146,Modra,SK,48.334,17.3071,39.2,75,90,2.3,light rain
147,Burnie,AU,-41.0667,145.9167,57.99,82,50,8.01,scattered clouds
148,Komsomolskiy,UZ,40.4272,71.7189,26.6,46,100,4.61,light snow
149,Coari,BR,-4.085,-63.1414,89.28,55,9,5.46,clear sky
150,Yelan,RU,50.949,43.7378,33.96,94,100,10.25,overcast clouds
151,Mount Vernon,US,40.9126,-73.8371,32.0,40,75,23.02,broken clouds
152,Maldonado,UY,-34.6667,-54.9167,89.6,40,40,13.8,scattered clouds
153,Comodoro Rivadavia,AR,-45.8667,-67.5,68.0,42,0,11.5,clear sky
154,Price,US,39.5994,-110.8107,30.2,93,90,6.91,overcast clouds
155,Petropavlovsk-Kamchatskiy,RU,53.0452,158.6483,-2.2,65,1,11.18,clear sky
156,Margate,GB,51.3813,1.3862,37.0,75,95,8.01,overcast clouds
157,Goderich,CA,43.7501,-81.7165,21.2,93,100,12.66,light snow
158,Lagoa,PT,39.05,-27.9833,61.99,84,100,12.08,overcast clouds
159,Khor,RU,47.8861,134.9464,1.71,91,48,4.14,scattered clouds
160,Felanitx,ES,39.4696,3.1483,57.2,67,20,24.16,few clouds
161,Kareli,IN,22.9167,79.0667,63.28,36,16,2.75,few clouds
162,Kushima,JP,31.4583,131.2333,57.0,100,100,3.0,overcast clouds
163,Yar-Sale,RU,66.8333,70.8333,-39.5,80,18,4.03,few clouds
164,Henties Bay,NA,-22.116,14.2845,72.0,84,99,6.24,overcast clouds
165,Charlestown,AU,-32.95,151.6667,73.0,61,0,4.7,clear sky
166,Yamada,JP,39.4667,141.95,32.74,91,100,4.16,overcast clouds
167,Glinka,RU,54.6404,32.8781,33.19,98,99,8.21,overcast clouds
168,Los Llanos De Aridane,ES,28.6585,-17.9182,68.0,73,20,5.75,few clouds
169,Mareeba,AU,-17.0,145.4333,77.0,78,40,8.05,scattered clouds
170,Tabas,IR,33.5959,56.9244,35.19,63,22,1.95,few clouds
171,Katsuura,JP,35.1333,140.3,41.0,93,75,25.32,light rain
172,Vardo,NO,70.3705,31.1107,22.87,96,100,32.7,light snow
173,Southbridge,US,42.0751,-72.0334,27.0,30,5,11.01,clear sky
174,Vallenar,CL,-28.5708,-70.7581,90.09,19,0,12.19,clear sky
175,Opuwo,NA,-18.0607,13.84,73.58,57,99,15.95,overcast clouds
176,Qaanaaq,GL,77.484,-69.3632,17.26,79,100,2.44,overcast clouds
177,Bossier City,US,32.516,-93.7321,48.99,87,90,5.75,overcast clouds
178,Kavaratti,IN,10.5669,72.642,81.41,71,8,8.79,clear sky
179,Vao,NC,-22.6667,167.4833,76.32,81,98,27.11,light rain
180,Padang,ID,-0.9492,100.3543,77.0,83,90,2.3,overcast clouds
181,Nanortalik,GL,60.1432,-45.2371,24.84,88,0,5.68,clear sky
182,Sopelana,ES,43.3789,-2.9831,50.0,93,75,3.44,light rain
183,Severo-Kurilsk,RU,50.6789,156.125,22.59,95,95,34.02,light snow
184,Otjimbingwe,NA,-22.35,16.1333,72.99,76,97,11.36,moderate rain
185,Leland,US,34.2563,-78.0447,55.4,21,1,16.11,clear sky
186,Bambanglipuro,ID,-7.95,110.2833,77.79,80,100,2.89,overcast clouds
187,Goure,NE,13.9835,10.2704,73.0,14,37,4.0,scattered clouds
188,General Pico,AR,-35.6566,-63.7568,105.64,14,0,13.11,clear sky
189,Cherskiy,RU,68.75,161.3,-25.49,86,100,5.39,overcast clouds
190,Gao,ML,16.6362,1.637,74.1,16,37,9.82,scattered clouds
191,Katima Mulilo,NA,-17.5,24.2667,70.81,88,70,5.19,broken clouds
192,Homer,US,59.6425,-151.5483,37.99,93,90,6.91,light rain
193,Campbell River,CA,50.0163,-125.2446,30.99,100,20,2.3,few clouds
194,Laives,IT,46.4228,11.3348,39.0,87,40,1.14,scattered clouds
195,Baruun-Urt,MN,46.6806,113.2792,6.39,89,0,9.95,clear sky
196,Mackenzie,CA,55.2999,-123.1698,10.4,85,90,5.75,light snow
197,Luderitz,NA,-26.6481,15.1594,72.86,56,84,28.36,broken clouds
198,Gravelbourg,CA,49.8834,-106.5512,5.0,78,75,13.8,broken clouds
199,Yueyang,CN,29.3333,113.0919,46.8,80,0,2.64,clear sky
200,Geraldton,AU,-28.7667,114.6,71.6,73,75,8.05,broken clouds
201,Naze,JP,28.3667,129.4833,62.74,85,40,10.09,scattered clouds
202,Naryan-Mar,RU,67.6713,53.087,-20.56,86,75,10.4,broken clouds
203,Sambava,MG,-14.2667,50.1667,79.07,85,34,6.71,light rain
204,East London,ZA,-33.0153,27.9116,71.6,88,75,21.85,light rain
205,Troitsko-Pechorsk,RU,62.7084,56.1964,-13.94,86,91,6.22,overcast clouds
206,Bengkulu,ID,-3.8004,102.2655,77.32,83,100,5.75,overcast clouds
207,Prince Albert,CA,53.2001,-105.7677,-7.6,77,75,9.22,broken clouds
208,Hovd,MN,48.0056,91.6419,9.79,83,100,0.25,overcast clouds
209,Sayat,TM,38.7839,63.8803,28.4,80,0,9.22,clear sky
210,Mortka,RU,59.3322,66.0214,-35.5,83,0,1.86,clear sky
211,Okhotsk,RU,59.3833,143.3,-15.23,81,100,8.75,overcast clouds
212,Calama,CL,-22.4667,-68.9333,69.8,24,75,18.41,broken clouds
213,Antalaha,MG,-14.9003,50.2788,77.54,88,2,5.28,light rain
214,Nedjo,ET,9.5046,35.5019,62.92,70,82,5.08,broken clouds
215,Alofi,NU,-19.0595,-169.9187,73.4,100,90,12.1,light rain
216,Touros,BR,-5.1989,-35.4608,84.2,65,40,14.97,scattered clouds
217,Turayf,SA,31.6725,38.6637,44.6,45,0,10.36,clear sky
218,Makokou,GA,0.5738,12.8642,74.75,80,96,3.67,overcast clouds
219,Chimbote,PE,-9.0853,-78.5783,77.52,61,17,10.51,few clouds
220,Atasu,KZ,48.6814,71.6433,-5.35,92,68,4.41,broken clouds
221,Atuona,PF,-9.8,-139.0333,77.94,79,3,15.99,clear sky
222,Muros,ES,42.7762,-9.0603,57.0,79,100,7.0,overcast clouds
223,Pochutla,MX,15.7432,-96.4661,87.01,54,75,6.96,broken clouds
224,Uusikaupunki,FI,60.8004,21.4084,35.6,87,0,5.75,clear sky
225,Antsohihy,MG,-14.8796,47.9875,77.4,91,74,3.47,light rain
226,Isangel,VU,-19.55,169.2667,77.36,87,100,7.11,light rain
227,San Pedro,PH,14.35,121.0167,79.0,89,20,1.14,few clouds
228,Lahan,NP,26.7296,86.4951,59.4,63,90,2.06,overcast clouds
229,Kahului,US,20.8947,-156.47,73.4,68,40,21.85,scattered clouds
230,Cobija,BO,-11.0267,-68.7692,77.5,89,94,2.15,light rain
231,Qui Nhon,VN,13.7667,109.2333,68.52,88,24,5.35,few clouds
232,Picos,BR,-7.0769,-41.4669,87.82,44,100,7.87,light rain
233,Saint George,US,37.1041,-113.5841,48.0,57,1,9.22,clear sky
234,Saquarema,BR,-22.92,-42.5103,89.6,69,0,18.41,clear sky
235,Anadyr,RU,64.75,177.4833,-18.0,76,0,11.18,clear sky
236,Rabo De Peixe,PT,37.8,-25.5833,64.0,88,40,10.36,scattered clouds
237,Verkhniy Avzyan,RU,53.5289,57.5372,-0.04,91,100,3.11,snow
238,Catuday,PH,16.2923,119.8062,76.8,90,91,10.89,overcast clouds
239,Rochegda,RU,62.8,43.25,8.26,95,100,11.77,snow
240,San Quintin,MX,30.4833,-115.95,57.69,70,92,8.48,overcast clouds
241,Talaya,RU,61.3833,152.75,-30.89,81,100,2.62,overcast clouds
242,Russell,US,32.3502,-85.1999,62.01,27,1,4.7,clear sky
243,Mayumba,GA,-3.432,10.6554,77.29,86,100,2.55,overcast clouds
244,Ulundi,ZA,-28.3352,31.4162,77.63,65,0,5.88,clear sky
245,Abha,SA,18.2164,42.5053,60.8,72,1,1.32,clear sky
246,Korla,CN,41.7597,86.1469,27.59,87,100,5.32,overcast clouds
247,Palomares,MX,17.15,-95.0667,80.55,74,63,6.73,broken clouds
248,Winslow,US,35.0242,-110.6974,46.4,53,90,8.05,overcast clouds
249,Iquique,CL,-20.2208,-70.1431,73.4,60,0,19.57,clear sky
250,Zhigansk,RU,66.7697,123.3711,-55.5,56,18,2.46,few clouds
251,Ponta Do Sol,PT,32.6667,-17.1,61.0,77,100,1.99,overcast clouds
252,Ust-Kulom,RU,61.6864,53.6902,-8.81,89,100,9.19,overcast clouds
253,Champerico,GT,14.3,-91.9167,86.0,62,20,6.91,few clouds
254,Bundaberg,AU,-24.85,152.35,72.0,88,40,6.91,scattered clouds
255,Loreto,MX,22.2667,-101.9667,70.72,27,66,9.64,broken clouds
256,Pointe Michel,DM,15.25,-61.3833,84.2,61,20,3.44,few clouds
257,Nouakchott,MR,18.0858,-15.9785,87.8,5,68,18.41,sand
258,Avarua,CK,-21.2078,-159.775,82.4,74,40,10.36,scattered clouds
259,Shitanjing,CN,39.2342,106.3439,28.09,74,8,5.82,clear sky
260,Marevo,RU,57.3146,32.0804,35.15,96,100,5.48,overcast clouds
261,Xining,CN,36.6167,101.7667,22.89,65,39,1.39,scattered clouds
262,Sao Joao Da Barra,BR,-21.6403,-41.0511,86.0,51,40,14.97,scattered clouds
263,Tosagua,EC,-0.7833,-80.25,82.4,69,40,9.22,moderate rain
264,Elat,IL,29.5581,34.9482,60.8,25,0,11.5,clear sky
265,Faya,SA,18.3851,42.4509,60.8,72,0,2.08,clear sky
266,Alice Springs,AU,-23.7,133.8833,87.8,42,90,14.97,overcast clouds
267,Rypefjord,NO,70.6333,23.6667,15.8,73,100,19.57,light snow
268,Sobolevo,RU,54.4299,31.8996,32.83,97,99,9.78,overcast clouds
269,Timra,SE,62.487,17.3257,30.2,100,20,2.3,fog
270,Roma,US,43.2128,-75.4557,18.0,62,1,17.27,clear sky
271,Asyut,EG,27.181,31.1837,57.2,58,0,12.66,clear sky
272,Viru,PE,-8.4167,-78.75,73.4,78,20,8.05,few clouds
273,Pangnirtung,CA,66.1451,-65.7125,14.0,79,1,3.4,clear sky
274,Iqaluit,CA,63.7506,-68.5145,15.01,92,20,16.11,few clouds
275,Okara,PK,30.8081,73.4458,50.27,48,0,7.0,clear sky
276,Sao Filipe,CV,14.8961,-24.4956,76.8,60,88,12.64,overcast clouds
277,Kasongo-Lunda,CD,-6.4667,16.8167,72.66,86,100,1.21,overcast clouds
278,Ginda,IN,30.6945,78.4932,41.16,62,1,4.68,clear sky
279,Juazeiro,BR,-9.4117,-40.4986,78.8,65,75,9.22,moderate rain
280,Punta Gorda,US,26.9298,-82.0454,77.0,69,40,9.22,scattered clouds
281,Piacabucu,BR,-10.4056,-36.4344,82.44,64,70,12.46,light rain
282,Tezu,IN,27.9167,96.1667,62.96,46,64,2.39,broken clouds
283,Isla Mujeres,MX,21.2311,-86.731,84.2,58,40,11.5,scattered clouds
284,Taoudenni,ML,22.6783,-3.9836,73.31,16,0,9.93,clear sky
285,Sertania,BR,-8.0736,-37.2644,90.9,32,88,9.48,light rain
286,Suez,EG,29.9737,32.5263,55.6,36,0,7.63,clear sky
287,Sinnar,SD,13.5691,33.5672,82.17,23,12,10.54,few clouds
288,College,US,64.8569,-147.8028,21.0,85,40,3.49,scattered clouds
289,Tiznit,MA,29.5833,-9.5,61.84,68,36,4.32,scattered clouds
290,Muncar,ID,-8.4333,114.3333,77.68,79,100,1.03,overcast clouds
291,Fougamou,GA,-1.2154,10.5838,76.19,91,96,2.64,light rain
292,Svetlogorsk,BY,52.6333,29.7333,32.31,97,33,8.5,scattered clouds
293,Chebsara,RU,59.2002,38.8356,32.0,93,90,6.71,overcast clouds
294,Mahebourg,MU,-20.4081,57.7,80.6,78,40,3.44,scattered clouds
295,Mehamn,NO,71.0357,27.8492,21.34,93,100,27.69,overcast clouds
296,Vostok,RU,46.4856,135.8833,2.62,88,48,5.1,scattered clouds
297,Uvira,CD,-3.4067,29.1458,75.65,67,92,3.29,light rain
298,Baghdad,IQ,33.3406,44.4009,46.4,39,0,3.44,clear sky
299,Zhicheng,CN,30.2956,111.5047,44.01,86,19,0.31,few clouds
300,Mackay,AU,-21.15,149.2,77.0,73,40,12.66,scattered clouds
301,Axim,GH,4.8699,-2.2405,80.69,77,58,9.6,broken clouds
302,Ormara,PK,25.2088,64.6357,64.11,28,0,24.32,clear sky
303,Jiaxing,CN,30.7522,120.75,44.6,87,75,11.18,mist
304,Lamar,US,33.6668,-95.5836,48.99,66,90,8.05,overcast clouds
305,Praia Da Vitoria,PT,38.7333,-27.0667,66.2,82,40,18.59,scattered clouds
306,Chicama,PE,-7.8447,-79.1469,73.4,78,20,8.05,few clouds
307,El Jicaro,GT,14.9167,-89.9,84.2,58,75,2.55,broken clouds
308,Rogers,US,36.3668,-95.5836,42.01,41,90,10.36,overcast clouds
309,Aljezur,PT,37.3191,-8.8033,59.0,100,98,5.01,overcast clouds
310,Cascais,PT,38.6979,-9.4215,60.01,94,75,18.41,broken clouds
311,Belaya Gora,RU,68.5333,146.4167,-36.18,82,100,3.67,overcast clouds
312,Lere,NG,10.387,8.5726,73.81,20,85,7.78,overcast clouds
313,Nelson Bay,AU,-32.7167,152.15,70.0,83,0,5.75,clear sky
314,Half Moon Bay,US,37.4636,-122.4286,51.8,76,40,5.75,scattered clouds
315,Magalia,US,39.8121,-121.5783,48.0,93,20,1.1,few clouds
316,Lata,PT,40.1629,-8.3327,59.0,94,100,4.0,overcast clouds
317,Bethel,US,41.3712,-73.414,28.99,34,1,13.8,clear sky
318,Havoysund,NO,70.9963,24.6622,15.8,73,100,19.57,light snow
319,Rio Grande,BR,-32.035,-52.0986,84.0,69,40,11.5,scattered clouds
320,Fairbanks,US,64.8378,-147.7164,21.0,85,40,3.53,scattered clouds
321,Bull Savanna,JM,17.8868,-77.5902,80.31,61,0,4.81,clear sky
322,Kalmunai,LK,7.4167,81.8167,75.65,81,7,5.53,clear sky
323,Dubbo,AU,-32.25,148.6167,68.0,64,0,4.61,clear sky
324,Mazamari,PE,-11.3258,-74.5308,88.97,39,69,4.16,broken clouds
325,Marzuq,YE,14.4,46.4667,57.65,36,70,1.72,broken clouds
326,Mount Gambier,AU,-37.8333,140.7667,60.8,82,75,4.61,heavy intensity rain
327,Fuling,CN,29.7022,107.3919,54.23,68,98,2.82,overcast clouds
328,Constitucion,CL,-35.3333,-72.4167,68.38,67,14,7.23,few clouds
329,Auch,FR,43.65,0.5833,44.01,87,100,5.32,light rain
330,Paka,MY,4.6374,103.4368,73.4,100,87,3.44,overcast clouds
331,Komatipoort,ZA,-25.4332,31.9548,75.2,83,100,3.44,light rain
332,Port Lincoln,AU,-34.7333,135.8667,76.39,44,97,5.39,moderate rain
333,Teguise,ES,29.0605,-13.564,68.0,64,20,12.66,few clouds
334,Dzerzhinsk,RU,56.2389,43.4631,33.8,100,90,8.95,light rain
335,Kipushi,CD,-11.7667,27.2333,63.28,97,100,1.45,overcast clouds
336,Young,UY,-32.6833,-57.6333,95.0,39,2,5.01,clear sky
337,Barbacoas,CO,1.6715,-78.1398,84.67,69,98,4.27,moderate rain
338,Guarapari,BR,-20.6667,-40.4975,82.4,65,20,11.5,light rain
339,Buin,CL,-33.7333,-70.75,86.0,42,0,8.05,clear sky
340,Assiniboia,CA,49.6334,-105.9845,5.0,78,97,13.8,overcast clouds
341,Bestobe,KZ,52.4994,73.0975,-23.71,85,100,6.82,overcast clouds
342,Cairns,AU,-16.9167,145.7667,77.0,78,40,8.05,scattered clouds
343,Louros,GR,39.1628,20.7519,55.4,76,40,11.5,scattered clouds
344,Koson,UZ,39.0375,65.585,28.4,69,0,6.91,clear sky
345,Waipawa,NZ,-41.4122,175.5153,64.4,77,40,20.71,scattered clouds
346,Milyutinskaya,RU,48.6279,41.6679,31.37,96,97,9.48,snow
347,Santa Cruz,BO,-17.8,-63.1667,73.4,94,75,6.91,light rain
348,Estrela,BR,-28.0611,-50.9383,73.31,86,35,3.69,scattered clouds
349,Husavik,IS,66.0449,-17.3389,30.2,86,90,24.16,snow
350,Timmins,CA,48.4669,-81.3331,1.4,60,75,5.75,broken clouds
351,Cururupu,BR,-1.8283,-44.8683,81.95,77,68,5.46,light rain
352,Sept-Iles,CA,50.2001,-66.3821,19.99,86,89,8.05,snow
353,Wazirabad,PK,32.4458,74.1159,50.0,87,20,6.26,smoke
354,Zalantun,CN,48.0,122.7167,12.25,89,0,5.26,clear sky
355,Eyl,SO,7.9803,49.8164,75.02,69,77,19.6,broken clouds
356,Samarai,PG,-10.6167,150.6667,82.36,74,100,5.21,overcast clouds
357,Westport,US,41.1415,-73.3579,33.8,32,1,16.11,clear sky
358,Launceston,AU,-41.45,147.1667,57.99,94,59,5.75,broken clouds
359,Coquimbo,CL,-29.9533,-71.3436,69.8,64,20,12.66,few clouds
360,Beloha,MG,-25.1667,45.05,79.05,81,67,12.12,broken clouds
361,Okha,RU,53.5739,142.9478,-13.31,85,24,6.4,few clouds
362,Bud,US,39.447,-86.1758,30.99,66,53,6.51,broken clouds
363,Amarillo,US,35.222,-101.8313,51.01,71,1,23.02,clear sky
364,Namibe,AO,-15.1961,12.1522,74.98,74,91,8.72,overcast clouds
365,Hwange,ZW,-18.3693,26.5019,72.91,79,26,1.05,light rain
366,Moerai,PF,-22.4333,-151.3333,80.42,73,57,11.36,broken clouds
367,Xanxere,BR,-26.8769,-52.4042,77.05,78,52,4.29,broken clouds
368,Mangaldai,IN,26.4333,92.0333,55.4,88,40,1.66,mist
369,Sajkas,RS,45.2722,20.0897,53.6,66,0,11.5,clear sky
370,Manakara,MG,-22.1333,48.0167,78.66,90,60,4.56,light rain
371,Balabac,PH,7.9868,117.0645,79.29,85,5,9.55,clear sky
372,Labuhan,ID,-6.8844,112.2051,79.02,81,100,4.88,overcast clouds
373,Longyearbyen,SJ,78.2186,15.6401,6.8,72,0,11.5,clear sky
374,Zakamensk,RU,50.3741,103.2863,8.58,91,100,2.86,light snow
375,Garcia Hernandez,PH,9.6144,124.2946,78.85,79,100,4.05,overcast clouds
376,Oranjemund,NA,-28.55,16.4333,64.67,79,45,16.51,scattered clouds
377,Sinnamary,GF,5.3833,-52.95,79.41,87,90,13.47,overcast clouds
378,Backa Topola,RS,45.8152,19.6318,49.68,70,100,15.75,overcast clouds
379,Mount Isa,AU,-20.7333,139.5,77.0,73,98,3.44,overcast clouds
380,Green Valley,US,31.8543,-110.9937,59.0,53,35,15.37,scattered clouds
381,Padilla,CO,3.2204,-76.3139,86.0,51,40,4.61,light rain
382,Raudeberg,NO,61.9875,5.1352,36.0,94,100,21.79,light rain
383,Castro,BR,-24.7911,-50.0119,73.74,81,99,4.12,overcast clouds
384,Aksu,CN,41.1231,80.2644,23.04,86,76,6.31,broken clouds
385,Qasigiannguit,GL,68.8193,-51.1922,19.4,42,40,13.8,scattered clouds
386,Khani,GE,41.9563,42.9566,35.6,51,0,8.05,clear sky
387,Guerrero Negro,MX,27.9769,-114.0611,62.37,62,79,5.57,broken clouds
388,Waldkirchen,DE,48.7327,13.6008,36.0,89,100,0.27,light snow
389,Port Elizabeth,ZA,-33.918,25.5701,71.6,83,0,13.8,clear sky
390,Puri,IN,19.8,85.85,69.8,94,0,9.19,mist
391,Kieta,PG,-6.2167,155.6333,77.56,71,75,2.35,broken clouds
392,Tual,ID,-5.6667,132.75,83.46,77,85,12.95,overcast clouds
393,Ugoofaaru,MV,5.6667,73.0,82.87,70,65,9.78,broken clouds
394,Castletown,IE,53.0281,-9.0686,37.4,75,75,9.22,moderate rain
395,Lavumisa,SZ,-27.31,31.892,86.0,66,45,6.91,scattered clouds
396,Matara,LK,5.9485,80.5353,74.3,87,7,9.1,clear sky
397,Dunedin,NZ,-45.8742,170.5036,55.99,70,33,1.99,scattered clouds
398,Phibun Mangsahan,TH,15.2447,105.2291,75.0,64,40,3.44,scattered clouds
399,Fairview,US,40.8126,-73.999,33.01,40,75,9.22,broken clouds
400,Erdenet,MN,49.0333,104.0833,5.7,93,97,3.65,overcast clouds
401,Prokuplje,RS,43.2342,21.5881,53.6,54,20,5.75,few clouds
402,Muriti,TZ,-1.9833,32.9167,77.0,65,20,6.91,few clouds
403,Phan Thiet,VN,10.9333,108.1,71.69,87,16,7.7,few clouds
404,Changping,CN,40.2186,116.2197,28.99,86,0,2.24,clear sky
405,Madang,PG,-5.2246,145.7966,77.5,84,86,2.68,overcast clouds
406,Muli,MV,2.9167,73.5667,83.26,68,72,7.58,broken clouds
407,Rafsanjan,IR,30.4067,55.9939,37.02,63,0,3.44,clear sky
408,Beringovskiy,RU,63.05,179.3167,-9.45,88,10,4.12,clear sky
409,Dudinka,RU,69.4058,86.1778,-40.58,77,36,1.43,scattered clouds
410,Ondjiva,AO,-17.0667,15.7333,76.5,38,84,2.95,broken clouds
411,Port-Gentil,GA,-0.7193,8.7815,82.4,78,75,11.5,moderate rain
412,Wawa,NG,9.9022,4.4192,83.68,15,7,2.51,clear sky
413,Trelew,AR,-43.249,-65.3051,75.45,42,0,21.79,clear sky
414,Soyo,AO,-6.1349,12.3689,78.53,83,100,5.12,overcast clouds
415,Olafsvik,IS,64.8945,-23.7142,29.1,90,38,35.1,scattered clouds
416,Tonj,SS,7.2737,28.6822,82.62,28,14,2.84,few clouds
417,Vanimo,PG,-2.6741,141.3028,78.06,78,97,2.77,overcast clouds
418,Kewanee,US,41.2456,-89.9248,24.01,61,93,1.99,overcast clouds
419,Mindelo,CV,16.8901,-24.9804,75.2,64,75,25.32,broken clouds
420,Jumla,NP,29.2747,82.1838,35.06,65,0,6.44,clear sky
421,Macusani,PE,-14.0833,-70.4333,43.2,78,97,7.4,light rain
422,Mana,GF,5.6592,-53.7767,79.5,87,97,12.77,overcast clouds
423,Dahod,IN,22.8333,74.2667,68.52,33,0,4.74,clear sky
424,Jijiga,ET,9.35,42.8,61.09,50,54,6.11,broken clouds
425,La Ronge,CA,55.1001,-105.2842,-14.8,69,92,5.75,overcast clouds
426,Anderson,US,34.5334,-82.6499,55.4,28,1,4.61,clear sky
427,Olinda,BR,-8.0089,-34.8553,80.6,65,75,13.8,broken clouds
428,Chupa,RU,66.27,33.0549,7.45,95,90,6.11,overcast clouds
429,Kisangani,CD,0.5167,25.2,81.37,51,79,2.08,broken clouds
430,Cabatuan,PH,10.8794,122.486,74.84,87,100,2.13,overcast clouds
431,Jurado,CO,7.1053,-77.7641,82.36,78,99,1.19,moderate rain
432,Taltal,CL,-25.4,-70.4833,71.62,58,40,6.51,scattered clouds
433,Ballina,AU,-28.8667,153.5667,62.6,94,17,3.44,few clouds
434,Pinega,RU,64.7001,43.3936,3.92,94,100,10.56,snow
435,Sal Rei,CV,16.1833,-22.9167,75.2,64,74,14.97,broken clouds
436,Anito,PH,12.4497,125.2886,76.57,90,87,4.79,overcast clouds
437,Necochea,AR,-38.5473,-58.7368,93.25,26,0,4.99,clear sky
438,Chapleau,CA,47.8405,-83.4034,3.2,60,90,3.44,overcast clouds
439,Las Vegas,US,36.175,-115.1372,50.0,40,1,3.44,clear sky
440,Jiayuguan,CN,39.8167,98.3,19.62,83,97,7.49,overcast clouds
441,Somerset West,ZA,-34.084,18.8211,64.4,94,90,16.11,light rain
442,Ust-Uda,RU,54.1742,103.0304,0.09,90,100,3.04,overcast clouds
443,Methoni,GR,36.8197,21.7049,59.0,82,90,14.97,light rain
444,Little Current,CA,45.9793,-81.9248,10.99,66,0,8.05,clear sky
445,Kortkeros,RU,61.8106,51.5806,-4.0,77,75,6.71,light snow
446,Jalu,LY,29.0331,21.5482,50.86,45,0,4.97,clear sky
447,Arman,RU,59.7,150.1667,-16.11,80,1,8.25,clear sky
448,Ossora,RU,59.2353,163.0719,-4.9,88,55,3.58,broken clouds
449,Pierre,US,44.3683,-100.351,28.99,86,90,9.22,light snow
450,Uthal,PK,25.8072,66.6219,59.95,20,0,8.23,clear sky
451,Acarau,BR,-2.8856,-40.12,84.72,64,52,15.95,broken clouds
452,Rio Cuarto,AR,-33.1307,-64.3499,89.6,45,20,20.71,few clouds
453,Kabompo,ZM,-13.5927,24.2008,66.52,96,100,4.68,light rain
454,Mattoon,US,39.4831,-88.3728,30.99,43,1,9.22,clear sky
455,Nizwa,OM,22.9333,57.5333,60.58,47,0,2.15,clear sky
456,Itoman,JP,26.1247,127.6694,68.0,83,75,21.85,broken clouds
457,Kumba,CM,4.6363,9.4469,79.56,67,57,3.4,broken clouds
458,Pouembout,NC,-21.1333,164.9,73.42,85,100,5.5,overcast clouds
459,Kununurra,AU,-15.7667,128.7333,77.0,100,100,8.05,moderate rain
460,Ust-Kuyga,RU,70.0167,135.6,-42.93,78,79,1.99,broken clouds
461,Saint Anthony,US,45.0205,-93.218,21.2,68,90,12.66,overcast clouds
462,El Alto,PE,-4.2714,-81.2147,89.6,45,0,11.5,clear sky
463,Bay Roberts,CA,47.5999,-53.2648,25.0,85,19,4.0,few clouds
464,Poum,NC,-20.2333,164.0167,79.25,79,100,10.78,overcast clouds
465,Tocopilla,CL,-22.092,-70.1979,75.81,50,11,10.56,few clouds
466,Strezhevoy,RU,60.7333,77.5889,-49.0,65,51,2.24,smoke
467,Dingle,PH,10.9995,122.6711,74.98,87,98,1.68,overcast clouds
468,Lamu,KE,-2.2717,40.902,78.8,83,1,14.0,clear sky
469,Katherine,AU,-14.4667,132.2667,78.8,94,90,5.75,overcast clouds
470,Kota Kinabalu,MY,5.9749,116.0724,77.0,88,20,4.61,few clouds
471,Gallup,US,35.5281,-108.7426,37.4,81,90,16.11,overcast clouds
472,Binga,ZW,-17.6203,27.3414,75.58,77,90,3.15,light rain
473,Camocim,BR,-2.9022,-40.8411,83.73,71,80,13.44,light rain
474,Bosanska Kostajnica,HR,45.2159,16.5444,48.2,87,40,2.3,scattered clouds
475,Turan,VN,16.0678,108.2208,69.8,83,75,2.3,broken clouds
476,Shubarshi,KZ,48.5872,57.1869,7.48,93,99,8.61,overcast clouds
477,Bitadton,PH,11.4969,122.0851,78.26,78,84,1.1,broken clouds
478,Egvekinot,RU,66.3167,-179.1667,-16.37,89,9,0.76,clear sky
479,Warrensburg,US,38.7628,-93.7361,39.2,28,1,9.22,clear sky
480,Staryy Oskol,RU,51.2967,37.8417,35.65,97,100,7.52,overcast clouds
481,Martapura,ID,-3.4167,114.85,75.2,88,90,4.61,overcast clouds
482,Chesma,RU,53.8111,60.6533,-12.64,89,99,8.16,overcast clouds
483,Upata,VE,8.0086,-62.3989,81.0,79,64,7.0,light rain
484,Yining,CN,29.0361,114.5636,44.6,89,0,1.54,clear sky
485,Bacolod,PH,10.6667,122.95,77.27,80,100,2.24,overcast clouds
486,Malindi,KE,-3.2175,40.1191,77.76,87,52,11.07,broken clouds
487,Yoichi,JP,43.2039,140.7703,10.0,84,1,5.66,clear sky
488,Sibolga,ID,1.7427,98.7792,77.14,78,96,3.42,overcast clouds
489,Ocos,GT,14.5094,-92.1933,87.8,55,40,7.78,scattered clouds
490,Hasselt,BE,50.9311,5.3378,39.99,86,100,4.14,light rain
491,Broome,US,42.2506,-75.833,21.99,73,90,13.8,light snow
492,Qaqortoq,GL,60.7167,-46.0333,28.4,34,1,20.71,clear sky
493,Cartagena,CO,10.3997,-75.5144,86.0,66,40,10.36,scattered clouds
494,Grindavik,IS,63.8424,-22.4338,30.2,74,75,24.16,broken clouds
495,Nhulunbuy,AU,-12.2333,136.7667,77.0,100,75,5.75,broken clouds
496,Cross Lanes,US,38.4204,-81.7907,32.0,46,1,5.3,clear sky
497,Eravur,LK,7.7733,81.6095,75.99,79,27,6.33,scattered clouds
498,Muravlenko,RU,63.7898,74.523,-45.44,78,18,9.57,few clouds
499,Nautla,MX,20.2167,-96.7833,78.37,76,82,5.17,broken clouds
500,Dolores,AR,-36.3132,-57.6792,94.42,33,0,14.83,clear sky
501,Aguililla,MX,18.7333,-102.7333,84.94,34,18,3.42,few clouds
502,Quesnel,CA,52.9999,-122.5029,10.4,92,90,10.36,light snow
503,Port Blair,IN,11.6667,92.75,76.86,66,9,7.54,clear sky
504,Le Port,RE,-20.9373,55.2919,78.8,69,90,6.91,overcast clouds
505,Juneau,US,58.3019,-134.4197,34.0,86,90,8.05,mist
506,Merauke,ID,-8.4667,140.3333,78.04,90,86,8.43,overcast clouds
507,Rio Gallegos,AR,-51.6226,-69.2181,66.2,22,75,8.05,broken clouds
508,Sulam,IL,32.6061,35.3341,57.2,28,0,8.05,clear sky
509,Thiadiaye,SN,14.4205,-16.7056,93.2,20,100,4.61,overcast clouds
510,Khandyga,RU,62.6667,135.6,-45.72,78,100,1.74,overcast clouds
511,Tiarei,PF,-17.5333,-149.3333,84.2,70,20,2.3,few clouds
512,Dawlatabad,AF,36.4141,64.9053,29.7,90,0,6.33,clear sky
513,Monrovia,LR,6.3005,-10.7969,86.0,74,75,5.75,haze
514,Kihei,US,20.785,-156.4656,73.4,68,40,21.85,scattered clouds
515,Bogo,PH,11.0517,124.0055,77.49,82,100,1.19,overcast clouds
516,Coos Bay,US,43.3665,-124.2179,42.01,87,1,5.75,clear sky
517,Front Royal,US,38.9182,-78.1944,33.01,37,1,10.36,clear sky
518,Garowe,SO,8.4054,48.4845,71.04,52,67,17.25,broken clouds
519,Parana,AR,-31.732,-60.5238,97.0,37,54,1.01,broken clouds
520,Barra De Sao Francisco,BR,-18.755,-40.8908,83.55,57,61,9.06,light rain
521,Qitaihe,CN,45.8,130.85,7.66,90,0,3.04,clear sky
522,Gerede,TR,40.8008,32.1969,24.01,93,59,6.93,broken clouds
523,Mariental,NA,-24.6333,17.9667,91.4,20,57,9.57,broken clouds
524,Inhambane,MZ,-23.865,35.3833,82.4,89,75,16.11,moderate rain
525,Emba,KZ,48.8264,58.1442,6.35,92,96,5.35,overcast clouds
526,Atar,MR,20.5169,-13.0499,82.38,12,17,10.87,few clouds
527,Ranong,TH,9.9658,98.6348,72.57,83,3,2.42,clear sky
528,Ayr,GB,55.4627,-4.6339,35.6,69,20,5.75,light snow
529,Berdigestyakh,RU,62.0989,126.6992,-54.63,66,72,4.41,broken clouds
530,Ginir,ET,7.1333,40.7,60.44,52,95,1.83,overcast clouds
531,Lasa,IT,46.6166,10.7002,39.0,87,40,1.14,scattered clouds
532,Bagdarin,RU,54.4333,113.6,0.07,86,99,2.68,overcast clouds
533,Grong,NO,64.4654,12.3149,13.42,93,100,6.82,snow
534,Mvomero,TZ,-6.25,38.6667,82.4,74,20,11.5,few clouds
535,Dutlwe,BW,-23.9833,23.9,81.75,19,0,4.32,clear sky
536,Wasilla,US,61.5814,-149.4394,35.6,55,90,16.11,overcast clouds
537,Pointe-Noire,CG,-4.7761,11.8635,77.0,88,20,5.75,few clouds
538,Macae,BR,-22.3708,-41.7869,89.6,51,20,20.71,few clouds
539,Goundam,ML,16.4145,-3.6708,77.79,14,0,9.69,clear sky
540,Sychevka,RU,55.8252,34.2736,33.03,98,100,5.91,overcast clouds
541,Penzance,GB,50.1186,-5.5371,39.2,70,20,3.44,few clouds
542,Myitkyina,MM,25.3833,97.4,61.27,65,41,1.97,scattered clouds
543,Nang Rong,TH,14.6377,102.7914,80.01,59,0,1.68,clear sky
544,Senador Pompeu,BR,-5.5881,-39.3717,91.71,39,100,5.53,overcast clouds
545,Otjiwarongo,NA,-20.4637,16.6477,68.56,89,100,13.69,moderate rain
546,Aragarcas,BR,-15.8975,-52.2508,93.2,52,40,3.44,scattered clouds
547,Vicuna,CL,-30.0319,-70.7081,87.01,30,0,3.0,clear sky
548,Cervo,ES,43.6702,-7.4101,53.01,91,95,11.99,light rain
549,Svetlyy,RU,54.675,20.1347,37.4,93,90,11.18,mist
550,Kashi,CN,39.4547,75.9797,26.6,50,1,6.71,clear sky
551,Enshi,CN,30.3,109.4833,48.7,77,97,0.4,overcast clouds
552,Virginia Beach,US,36.8529,-75.978,42.01,45,40,4.0,scattered clouds
553,Soderhamn,SE,61.3037,17.0592,32.0,96,53,1.99,broken clouds
554,Wukari,NG,7.85,9.7833,83.71,15,68,4.83,broken clouds
555,Ewa Beach,US,21.3156,-158.0072,73.4,78,75,6.91,broken clouds
556,Bulungu,CD,-4.55,18.6,73.35,90,92,3.38,overcast clouds
557,Campoalegre,CO,2.6849,-75.3231,84.87,56,82,1.03,broken clouds
558,Nampula,MZ,-15.1165,39.2666,73.54,96,100,3.22,overcast clouds
559,Baykit,RU,61.67,96.37,-32.49,78,100,2.13,overcast clouds
560,Srednekolymsk,RU,67.45,153.6833,-29.52,84,100,8.43,overcast clouds
561,Cabo San Lucas,MX,22.8909,-109.9124,71.6,56,75,9.22,broken clouds
562,Novodugino,RU,55.6305,34.2842,32.7,98,100,5.64,overcast clouds
563,Liwale,TZ,-9.7667,37.9333,71.44,97,100,4.43,overcast clouds
564,Yantal,RU,56.8471,105.2542,-15.11,86,73,3.06,broken clouds
565,Koroni,GR,36.8,21.95,59.0,82,90,14.97,light rain
566,Bandarbeyla,SO,9.4942,50.8122,75.02,70,90,18.97,overcast clouds
567,Kattivakkam,IN,13.2167,80.3167,75.2,83,20,6.31,mist
568,Eidfjord,NO,60.4675,7.0719,15.01,89,93,1.01,overcast clouds
569,Ko Samui,TH,9.5357,99.9357,80.33,76,0,10.4,clear sky
570,Spasskoye,RU,44.6108,132.7969,9.66,90,0,6.35,clear sky
571,Torbay,CA,47.6666,-52.7314,25.0,86,90,19.57,overcast clouds
572,Pechenga,RU,69.5259,31.1703,10.4,79,90,19.57,light snow
573,Changde,CN,29.0464,111.6783,46.24,72,0,2.91,clear sky
574,Zhangzhou,CN,24.5133,117.6556,60.8,88,75,8.95,mist
575,Sorland,NO,67.667,12.6934,26.33,91,62,14.27,broken clouds
576,Kedrovyy,RU,56.1667,91.8167,3.2,85,40,5.21,light snow
577,Xuanhua,CN,40.6103,115.0447,25.34,84,30,0.49,scattered clouds
578,Bintulu,MY,3.1667,113.0333,77.0,100,20,2.3,few clouds
579,Nokaneng,BW,-19.6667,22.2667,75.88,47,98,6.17,overcast clouds
580,Eureka,US,40.8021,-124.1637,46.4,87,1,6.73,clear sky
581,Truth Or Consequences,US,33.1284,-107.2528,57.0,47,1,9.22,clear sky
582,Preobrazheniye,RU,42.9019,133.9064,20.86,82,0,5.21,clear sky
583,Avera,US,33.194,-82.5271,57.2,41,1,6.91,clear sky
584,Carutapera,BR,-1.195,-46.02,86.04,62,44,9.8,scattered clouds
585,Padampur,IN,29.6833,73.6167,52.34,45,0,6.42,clear sky
586,Gizo,SB,-8.103,156.8419,81.25,74,100,7.63,overcast clouds
587,Palmer,US,42.1584,-72.3287,27.0,49,9,3.0,clear sky
588,Kalmeshwar,IN,21.2333,78.9,68.0,56,0,1.32,haze
589,Teya,RU,60.3778,92.6267,-12.5,86,100,2.46,overcast clouds
590,Natal,BR,-5.795,-35.2094,86.0,66,75,20.71,broken clouds
591,Yinchuan,CN,38.4681,106.2731,29.93,78,83,5.37,broken clouds
592,Silver City,US,32.7701,-108.2803,48.2,61,40,4.61,scattered clouds
593,La Rioja,ES,42.25,-2.5,44.6,93,90,3.44,overcast clouds
594,Dzilam Gonzalez,MX,21.2833,-88.9333,85.69,47,8,4.61,clear sky
595,Stawell,AU,-37.05,142.7667,68.61,48,81,2.89,light rain
596,Antropovo,RU,58.3988,43.0066,23.29,99,100,3.6,overcast clouds
597,Forli,IT,44.2236,12.0528,46.0,93,20,6.91,few clouds
598,Ukiah,US,39.1502,-123.2078,42.01,100,90,2.59,fog
599,Campos Belos,BR,-13.0367,-46.7717,86.02,49,24,3.65,few clouds
600,Whitecourt,CA,54.1502,-115.6855,1.4,78,90,10.36,light snow
601,Shanghai,CN,31.2222,121.4581,44.01,87,90,6.71,mist
602,Baloda Bazar,IN,21.6667,82.1667,64.47,29,0,3.06,clear sky
603,Saint-Pierre,RE,-21.3393,55.4781,80.6,78,20,4.61,few clouds
604,Phitsanulok,TH,16.9167,100.5,70.65,45,0,4.0,clear sky
605,Ulladulla,AU,-35.35,150.4667,71.6,94,40,4.16,scattered clouds
606,Ixtapa,MX,20.7,-105.2,77.0,61,1,4.61,clear sky
607,Hami,CN,42.8,93.45,24.98,78,100,2.84,light snow
608,Jacareacanga,BR,-6.2222,-57.7528,91.09,53,88,2.89,light rain
609,Puerto Narino,CO,-3.7703,-70.3831,84.2,79,40,8.05,light rain
610,Camacha,PT,33.0833,-16.3333,64.4,82,40,5.75,scattered clouds
611,Ornskoldsvik,SE,63.2909,18.7153,19.4,93,90,8.05,overcast clouds
612,Road Town,VG,18.4167,-64.6167,84.2,61,20,6.91,few clouds
613,Vila,PT,42.0304,-8.1588,48.99,95,100,15.97,overcast clouds
614,Manavalakurichi,IN,8.1333,77.3,82.4,89,40,8.37,mist
615,Basoda,IN,23.85,77.9333,61.25,39,0,0.89,clear sky
616,Isiro,CD,2.7739,27.616,80.31,36,98,2.17,overcast clouds
617,Saint-Francois,FR,46.4154,3.9054,41.0,87,75,11.5,broken clouds
618,Duque De Caxias,BR,-22.7856,-43.3117,89.6,45,20,14.97,few clouds
619,Maltahohe,NA,-24.8333,16.9833,82.08,40,100,24.45,overcast clouds
620,Kontagora,NG,10.3999,5.4695,83.62,15,25,2.08,scattered clouds
621,Herat,AF,34.5,62.0,31.03,76,0,3.24,clear sky
622,Singaraja,ID,-8.112,115.0882,79.99,72,100,1.63,overcast clouds
623,Fort Nelson,CA,58.8053,-122.7002,-0.4,78,90,6.91,light snow
624,Smithers,CA,54.7804,-127.1743,5.0,85,75,4.61,broken clouds
625,Lavrentiya,RU,65.5833,-171.0,-1.28,87,71,5.95,broken clouds
626,Suntar,RU,62.1444,117.6319,-53.3,72,64,3.8,broken clouds
627,Sistranda,NO,63.7256,8.834,35.6,100,75,13.8,light rain
628,Pangani,TZ,-5.4333,38.9667,79.47,81,100,14.63,overcast clouds
629,Burns Lake,CA,54.2331,-125.7533,8.6,92,20,1.14,few clouds
630,Ingham,US,42.6,-84.3833,25.0,58,1,4.61,clear sky
631,Ivankiv,UA,50.9386,29.8943,32.0,100,9,6.71,mist
632,Amalapuram,IN,16.5833,82.0167,69.53,92,0,0.6,clear sky
633,Hay River,CA,60.8156,-115.7999,-22.0,76,28,3.44,scattered clouds
634,Nanakuli,US,21.3906,-158.1547,73.4,78,75,6.91,broken clouds
635,Santiago Del Estero,AR,-27.7951,-64.2615,100.0,30,16,1.99,few clouds
636,Klaksvik,FO,62.2266,-6.589,30.2,86,98,15.28,snow
637,Asau,RO,46.4333,26.4,37.0,67,98,4.43,overcast clouds
638,Tsiroanomandidy,MG,-18.7667,46.0333,74.68,80,98,1.5,light rain
639,Luanda,AO,-8.8368,13.2343,80.6,74,20,8.05,few clouds
640,Halifax,CA,44.6453,-63.5724,30.99,80,89,3.44,overcast clouds
641,Udachnyy,RU,66.4167,112.4,-41.24,79,92,2.64,overcast clouds
642,Sangar,RU,63.9242,127.4739,-55.84,63,83,5.06,broken clouds
643,Portmore,JM,17.9702,-76.8672,86.0,62,20,4.61,few clouds
644,Vangaindrano,MG,-23.35,47.6,77.88,90,22,1.19,moderate rain
645,Mpika,ZM,-11.8343,31.4529,64.33,96,100,3.96,moderate rain
646,Broken Hill,AU,-31.95,141.4333,84.2,12,95,10.36,overcast clouds
647,Djambala,CG,-2.5447,14.7533,70.41,92,99,4.07,light rain
648,Oranjestad,AW,12.524,-70.027,84.2,70,40,20.71,scattered clouds
649,Acapulco,MX,16.8634,-99.8901,84.2,70,90,9.22,overcast clouds
650,Emerald,AU,-23.5333,148.1667,71.6,73,14,5.75,few clouds
651,Bonney Lake,US,47.1771,-122.1865,34.0,100,1,1.45,light snow
652,Nushki,PK,29.5542,66.0215,36.86,60,1,3.36,clear sky
653,Zhongxing,CN,33.7039,118.6792,35.69,83,58,4.61,broken clouds
654,Sasolburg,ZA,-26.8136,27.817,76.3,28,18,5.93,few clouds
655,Gorontalo,ID,0.5412,123.0595,74.98,86,100,3.89,light rain
656,Lufilufi,WS,-13.8745,-171.5986,77.0,94,20,6.91,few clouds
657,Kupang,ID,-10.1667,123.5833,80.56,78,85,6.02,moderate rain
658,Marawi,PH,7.9986,124.2928,75.0,93,100,4.0,overcast clouds
659,Seoul,KR,37.5683,126.9778,39.2,75,0,2.3,clear sky
660,Richards Bay,ZA,-28.783,32.0377,80.37,78,0,14.27,clear sky
661,River Falls,US,44.8614,-92.6238,19.4,67,90,10.36,overcast clouds
662,Camacupa,AO,-12.0167,17.4833,64.54,95,96,5.77,overcast clouds
663,Ponazyrevo,RU,58.3578,46.3142,14.86,97,100,6.29,overcast clouds
664,Ratnagiri,IN,16.9833,73.3,75.81,76,28,7.25,scattered clouds
665,Guia Lopes Da Laguna,BR,-21.4578,-56.1142,84.27,73,55,4.23,light rain
666,Ritchie,ZA,-29.038,24.6028,75.2,57,40,12.66,scattered clouds
667,Antofagasta,CL,-23.65,-70.4,75.0,64,0,13.8,clear sky
668,Portland,US,45.5234,-122.6762,39.0,80,20,1.14,few clouds
669,Itamaraju,BR,-17.0392,-39.5311,81.61,63,69,7.09,light rain
670,Liuzhou,CN,24.3126,109.3892,61.12,61,2,4.09,clear sky
671,Saldanha,ZA,-33.0117,17.9442,69.8,73,30,16.11,scattered clouds
672,Folldal,NO,62.1325,9.9968,22.48,92,95,4.56,overcast clouds
673,Hornepayne,CA,49.2138,-84.7705,7.3,90,99,2.86,overcast clouds
674,Tel Aviv-Yafo,IL,32.0805,34.7805,55.0,54,0,3.44,clear sky
675,Brigantine,US,39.4101,-74.3646,34.0,34,1,23.02,clear sky
676,Ahipara,NZ,-35.1667,173.1667,61.14,83,7,7.65,clear sky
677,Nachingwea,TZ,-10.3833,38.7667,73.04,93,99,5.41,overcast clouds
678,Yaan,NG,7.3833,8.5667,86.31,14,81,5.23,broken clouds
679,Ajdabiya,LY,30.7554,20.2263,57.47,37,0,10.4,clear sky
680,Beidao,CN,34.5686,105.8933,37.0,81,95,1.95,overcast clouds
681,Binzhou,CN,37.3667,118.0167,32.0,76,5,5.91,clear sky
682,Iwanai,JP,42.9744,140.5089,15.28,93,9,5.3,clear sky
683,Vilcun,CL,-38.65,-72.2333,82.4,54,0,12.66,clear sky
684,Shush,IR,32.1942,48.2436,54.18,38,0,7.2,clear sky
685,Makakilo City,US,21.3469,-158.0858,73.4,78,75,6.91,broken clouds
686,Doha,QA,25.2867,51.5333,62.6,67,0,9.22,clear sky
687,Barinas,VE,8.6226,-70.2075,90.05,41,97,6.89,overcast clouds
688,Sisimiut,GL,66.9395,-53.6735,18.55,85,6,9.24,clear sky
689,Mazagao,BR,-0.115,-51.2894,89.6,66,75,4.61,broken clouds
690,Kardasova Recice,CZ,49.1848,14.8532,34.0,81,100,1.68,light snow
691,Gornopravdinsk,RU,60.05,69.9,-40.79,80,38,3.11,scattered clouds
692,Senador Jose Porfirio,BR,-2.5908,-51.9542,87.33,58,57,5.84,light rain
693,Missoula,US,47.0166,-113.8009,27.0,80,90,3.44,overcast clouds
694,Plettenberg Bay,ZA,-34.0527,23.3716,69.62,69,64,11.12,broken clouds
695,Nizhniy Baskunchak,RU,48.2198,46.8311,31.62,96,90,10.31,overcast clouds
696,Yulara,AU,-25.2406,130.9889,71.6,100,75,14.97,broken clouds
697,Causapscal,CA,48.3542,-67.227,18.0,65,48,13.09,scattered clouds
698,Kargopol,RU,61.5071,38.9456,33.37,98,100,7.76,light snow
699,Kirakira,SB,-10.4544,161.9205,79.79,76,94,6.2,overcast clouds
700,Havelock,US,34.8791,-76.9013,50.0,34,1,19.57,clear sky
701,Kainantu,PG,-6.2887,145.8655,59.83,95,100,3.27,overcast clouds
702,Buraydah,SA,26.326,43.975,53.6,32,40,6.91,scattered clouds
703,Wattegama,LK,6.7989,81.4808,77.0,94,1,10.36,clear sky
704,Paamiut,GL,61.994,-49.6678,22.08,81,0,6.87,clear sky
705,Igboho,NG,8.8333,3.75,84.45,14,77,4.36,broken clouds
706,Kempele,FI,64.9131,25.5034,24.8,93,90,10.36,snow
707,Aswan,EG,24.0934,32.907,64.74,27,0,10.63,clear sky
708,Moorhead,US,46.8739,-96.7676,23.0,93,90,16.11,snow
709,Evensk,RU,61.95,159.2333,-11.04,85,100,8.5,overcast clouds
710,Lakes Entrance,AU,-37.8811,147.981,60.01,93,16,5.91,few clouds
711,Quelimane,MZ,-17.8786,36.8883,82.4,74,75,9.22,broken clouds
712,Bogense,DK,55.5669,10.0886,37.99,93,100,9.22,overcast clouds
713,Saint-Augustin,CA,51.226,-58.6502,34.47,97,100,9.64,light rain
714,Susehri,TR,40.1644,38.0867,21.04,81,2,3.31,clear sky
715,Urambo,TZ,-5.0667,32.05,65.95,88,100,2.55,overcast clouds
716,Mendoza,AR,-32.8908,-68.8272,95.0,24,0,8.05,clear sky
717,Honningsvag,NO,70.9821,25.9704,22.89,92,100,36.08,overcast clouds
718,Tabou,CI,4.423,-7.3528,80.46,81,16,8.97,few clouds
719,Narsaq,GL,60.9167,-46.05,28.4,34,1,20.71,clear sky
720,Hobyo,SO,5.3505,48.5268,77.02,72,21,21.45,few clouds
721,Whitehorse,CA,60.7161,-135.0538,5.0,85,75,9.22,light snow
722,Ostrovnoy,RU,68.0531,39.5131,5.56,94,100,20.92,light snow
723,Kiunga,PG,-6.1219,141.2906,70.95,98,100,2.98,moderate rain
724,Dwarka,IN,22.2394,68.9678,68.97,74,0,12.12,clear sky
725,Mira,IT,45.4358,12.1348,43.0,100,75,5.75,broken clouds
